,주소,날짜
0,https://www.mbn.co.kr/vod/programContents/671/4219/90676,알토란 271회 미리보기 <2월 23일 일요일>
1,https://www.mbn.co.kr/vod/programContents/671/4219/90503,알토란 270회 미리보기 <2월 16일 일요일>
2,https://www.mbn.co.kr/vod/programContents/671/4219/90381,알토란 269회 미리보기 <2월 9일 일요일>
3,https://www.mbn.co.kr/vod/programContents/671/4219/90201,알토란 268회 미리보기 <2월 2일 일요일>
4,https://www.mbn.co.kr/vod/programContents/671/4219/90055,알토란 267회 미리보기 <1월 26일 일요일>
5,https://www.mbn.co.kr/vod/programContents/671/4219/89825,알토란 266회 미리보기 <1월 19일 일요일>
6,https://www.mbn.co.kr/vod/programContents/671/4219/89514,알토란 265회 미리보기 <1월 12일 일요일>
7,https://www.mbn.co.kr/vod/programContents/671/4219/89133,알토란 264회 미리보기 <1월 5일 일요일>
8,https://www.mbn.co.kr/vod/programContents/671/4219/88097,알토란 263회 미리보기 <12월 29일 일요일>
9,https://www.mbn.co.kr/vod/programContents/671/4219/86482,알토란 262회 미리보기 <12월 22일 일요일>
10,https://www.mbn.co.kr/vod/programContents/671/4219/85957,알토란 261회 미리보기 <12월 15일 일요일>
11,https://www.mbn.co.kr/vod/programContents/671/4219/84674,알토란 260회 미리보기 <12월 8일 일요일>
12,https://www.mbn.co.kr/vod/programContents/671/4219/83441,알토란 259회 미리보기 <12월 1일 일요일>
13,https://www.mbn.co.kr/vod/programContents/671/4219/83251,알토란 258회 미리보기 <11월 24일 일요일>
14,https://www.mbn.co.kr/vod/programContents/671/4219/83156,알토란 257회 미리보기 <11월 17일 일요일>
15,https://www.mbn.co.kr/vod/programContents/671/4219/83109,알토란 256회 미리보기 <11월 10일 일요일>
16,https://www.mbn.co.kr/vod/programContents/671/4219/83034,알토란 255회 미리보기 <11월 3일 일요일>
17,https://www.mbn.co.kr/vod/programContents/671/4219/82957,알토란 254회 미리보기 <10월 27일 일요일>
18,https://www.mbn.co.kr/vod/programContents/671/4219/82872,알토란 253회 미리보기 <10월 20일 일요일>
19,https://www.mbn.co.kr/vod/programContents/671/4219/82779,알토란 252회 미리보기 <10월 13일 일요일>
20,https://www.mbn.co.kr/vod/programContents/671/4219/82658,알토란 251회 미리보기 <10월 6일 일요일>
21,https://www.mbn.co.kr/vod/programContents/671/4219/82527,알토란 250회 미리보기 <9월 29일 일요일>
22,https://www.mbn.co.kr/vod/programContents/671/4219/82417,알토란 249회 미리보기 <9월 22일 일요일>
23,https://www.mbn.co.kr/vod/programContents/671/4219/82340,알토란 248회 미리보기 <9월 15일 일요일>
24,https://www.mbn.co.kr/vod/programContents/671/4219/82258,알토란 247회 미리보기 <9월 8일 일요일>
25,https://www.mbn.co.kr/vod/programContents/671/4219/82174,알토란 246회 미리보기 <9월 1일 일요일>
26,https://www.mbn.co.kr/vod/programContents/671/4219/82061,알토란 245회 미리보기 <8월 25일 일요일>
27,https://www.mbn.co.kr/vod/programContents/671/4219/81969,알토란 244회 미리보기 <8월 18일 일요일>
28,https://www.mbn.co.kr/vod/programContents/671/4219/81871,알토란 243회 미리보기 <8월 11일 일요일>
29,https://www.mbn.co.kr/vod/programContents/671/4219/81751,알토란 242회 미리보기 <8월 4일 일요일>
30,https://www.mbn.co.kr/vod/programContents/671/4219/81656,알토란 241회 미리보기 <7월 28일 일요일>
31,https://www.mbn.co.kr/vod/programContents/671/4219/81559,알토란 240회 미리보기 <7월 21일 일요일>
32,https://www.mbn.co.kr/vod/programContents/671/4219/81415,알토란 239회 미리보기 <7월 14일 일요일>
33,https://www.mbn.co.kr/vod/programContents/671/4219/81336,알토란 238회 미리보기 <7월 7일 일요일>
34,https://www.mbn.co.kr/vod/programContents/671/4219/81259,알토란 237회 미리보기 <6월 30일 일요일>
35,https://www.mbn.co.kr/vod/programContents/671/4219/81169,알토란 236회 미리보기 <6월 23일 일요일>
36,https://www.mbn.co.kr/vod/programContents/671/4219/81085,알토란 235회 미리보기 <6월 16일 일요일>
37,https://www.mbn.co.kr/vod/programContents/671/4219/80976,알토란 234회 미리보기 <6월 9일 일요일>
38,https://www.mbn.co.kr/vod/programContents/671/4219/80828,알토란 233회 미리보기 <6월 2일 일요일>
39,https://www.mbn.co.kr/vod/programContents/671/4219/80695,알토란 232회 미리보기 <5월 26일 일요일>
40,https://www.mbn.co.kr/vod/programContents/671/4219/80560,알토란 231회 미리보기 <5월 19일 일요일>
41,https://www.mbn.co.kr/vod/programContents/671/4219/80426,알토란 230회 미리보기 <5월 12일 일요일>
42,https://www.mbn.co.kr/vod/programContents/671/4219/80340,알토란 229회 미리보기 <5월 5일 일요일>
43,https://www.mbn.co.kr/vod/programContents/671/4219/80204,알토란 228회 미리보기 <4월 28일 일요일>
44,https://www.mbn.co.kr/vod/programContents/671/4219/80112,알토란 227회 미리보기 <4월 21일 일요일>
45,https://www.mbn.co.kr/vod/programContents/671/4219/79972,알토란 226회 미리보기 <4월 14일 일요일>
46,https://www.mbn.co.kr/vod/programContents/671/4219/79908,알토란 225회 미리보기 <4월 7일 일요일>
47,https://www.mbn.co.kr/vod/programContents/671/4219/79814,알토란 224회 미리보기 <3월 31일 일요일>
48,https://www.mbn.co.kr/vod/programContents/671/4219/79744,알토란 223회 미리보기 <3월 24일 일요일>
49,https://www.mbn.co.kr/vod/programContents/671/4219/79623,알토란 222회 미리보기 <3월 17일 일요일>
50,https://www.mbn.co.kr/vod/programContents/671/4219/79547,"<알토란, 알려주세요> 게시판이 새롭게 열렸습니다!"
51,https://www.mbn.co.kr/vod/programContents/671/4219/79502,알토란 221회 미리보기 <3월 10일 일요일>
52,https://www.mbn.co.kr/vod/programContents/671/4219/79400,알토란 220회 미리보기 <3월 3일 일요일>
53,https://www.mbn.co.kr/vod/programContents/671/4219/79295,알토란 219회 미리보기 <2월 24일 일요일>
54,https://www.mbn.co.kr/vod/programContents/671/4219/79177,알토란 218회 미리보기 <2월 17일 일요일>
55,https://www.mbn.co.kr/vod/programContents/671/4219/79043,알토란 217회 미리보기 <2월 10일 일요일>
56,https://www.mbn.co.kr/vod/programContents/671/4219/78947,알토란 216회 미리보기 <2월 3일 일요일>
57,https://www.mbn.co.kr/vod/programContents/671/4219/78846,알토란 215회 미리보기 <1월 27일 일요일>
58,https://www.mbn.co.kr/vod/programContents/671/4219/78726,알토란 214회 미리보기 <1월 20일 일요일>
59,https://www.mbn.co.kr/vod/programContents/671/4219/78599,알토란 213회 미리보기 <1월 13일 일요일>
60,https://www.mbn.co.kr/vod/programContents/671/4219/78496,알토란 212회 미리보기 <1월 6일 일요일>
61,https://www.mbn.co.kr/vod/programContents/671/4219/78398,알토란 211회 미리보기 <12월 30일 일요일>
62,https://www.mbn.co.kr/vod/programContents/671/4219/78301,알토란 210회 미리보기 <12월 23일 일요일>
